system:index,number,.geo
0,https://earthengine.googleapis.com/v1/projects/earthengine-legacy/thumbnails/bb7b0db2976b934d8548e78511d364bb-e3e15b9ac152b642ade0e6259a5e2a7c:getPixels,"{""type"":""MultiPoint"",""coordinates"":[]}"
1,https://earthengine.googleapis.com/v1/projects/earthengine-legacy/thumbnails/30ad2b07320730d46f090a00f99b4b26-7f36706abc9901f05b65cd18191c4aa5:getPixels,"{""type"":""MultiPoint"",""coordinates"":[]}"
2,https://earthengine.googleapis.com/v1/projects/earthengine-legacy/thumbnails/62ac0d29e6ca762a4bcf6f2ff20b5fd5-485c8ccee0f5aa892c87e55f39f20bd3:getPixels,"{""type"":""MultiPoint"",""coordinates"":[]}"
3,https://earthengine.googleapis.com/v1/projects/earthengine-legacy/thumbnails/8937e716dee38dfc6e522055b7435dae-b470a7e891d7931403979c641675d9f6:getPixels,"{""type"":""MultiPoint"",""coordinates"":[]}"
4,https://earthengine.googleapis.com/v1/projects/earthengine-legacy/thumbnails/39086c86997c62ebc3a738089d5bf9e5-d0d81db3c60734e82c14ab0e2b3731e5:getPixels,"{""type"":""MultiPoint"",""coordinates"":[]}"
5,https://earthengine.googleapis.com/v1/projects/earthengine-legacy/thumbnails/db6a133d0ebd883147c9ed323669ceae-993552bd975f4b7c4e149989b6fad610:getPixels,"{""type"":""MultiPoint"",""coordinates"":[]}"
6,https://earthengine.googleapis.com/v1/projects/earthengine-legacy/thumbnails/90c26138c44d924f789c999529f11f6e-d4670e4c662d6b08cc4e6b7f3f9db55f:getPixels,"{""type"":""MultiPoint"",""coordinates"":[]}"
7,https://earthengine.googleapis.com/v1/projects/earthengine-legacy/thumbnails/960ba84eb73c64e9cef83e57d8d20721-04a4513e89cf8de2a45c062299a9ffac:getPixels,"{""type"":""MultiPoint"",""coordinates"":[]}"
8,https://earthengine.googleapis.com/v1/projects/earthengine-legacy/thumbnails/7d67c1ae51e46b8b43849b01cf6fd903-ed85b80562e2804d2abc1cc9d5ac0dff:getPixels,"{""type"":""MultiPoint"",""coordinates"":[]}"
9,https://earthengine.googleapis.com/v1/projects/earthengine-legacy/thumbnails/5619603c281b72d3c55c9081b95d1f70-6b0b794311d96ac04897841f6ffcc5f0:getPixels,"{""type"":""MultiPoint"",""coordinates"":[]}"
10,https://earthengine.googleapis.com/v1/projects/earthengine-legacy/thumbnails/8edac042d97a1f8689bca3b57637f22b-9c72b35e30f1ebc8be4143becf7d346d:getPixels,"{""type"":""MultiPoint"",""coordinates"":[]}"
11,https://earthengine.googleapis.com/v1/projects/earthengine-legacy/thumbnails/1bf9b0b3d58dc1fafd71dc3e2d87f6b5-ef6d567014aa79764e1f0cf46a474082:getPixels,"{""type"":""MultiPoint"",""coordinates"":[]}"
12,https://earthengine.googleapis.com/v1/projects/earthengine-legacy/thumbnails/97708afefde78b8f6ebac0861b32b4fa-7069e16689b47cb66f6bfcbb9965de48:getPixels,"{""type"":""MultiPoint"",""coordinates"":[]}"
13,https://earthengine.googleapis.com/v1/projects/earthengine-legacy/thumbnails/0ac62ce604b96c585ee718642921553a-4c4141d889ac5bf40b4b379ce2d47c53:getPixels,"{""type"":""MultiPoint"",""coordinates"":[]}"
14,https://earthengine.googleapis.com/v1/projects/earthengine-legacy/thumbnails/3ab94e0067fc3c595a7427c424eaa326-b6077888673948227efb7af0b4505910:getPixels,"{""type"":""MultiPoint"",""coordinates"":[]}"
15,https://earthengine.googleapis.com/v1/projects/earthengine-legacy/thumbnails/d03601117728b2db8c4bc7f69af14179-af3fe5cd16daddfb5d00378c5fc724d7:getPixels,"{""type"":""MultiPoint"",""coordinates"":[]}"
16,https://earthengine.googleapis.com/v1/projects/earthengine-legacy/thumbnails/ff8e456d724b31e1a90ebaa748b11fa5-1470423454880c95dcdf627bf7741448:getPixels,"{""type"":""MultiPoint"",""coordinates"":[]}"
17,https://earthengine.googleapis.com/v1/projects/earthengine-legacy/thumbnails/b03bb05a91b6f9e30694c556016ffa58-544f203438d64c5a820cd4d30d9c407d:getPixels,"{""type"":""MultiPoint"",""coordinates"":[]}"
18,https://earthengine.googleapis.com/v1/projects/earthengine-legacy/thumbnails/e614afb0ae6d733610165001999033bb-a1aaa87b146a829d7da3f0f251487051:getPixels,"{""type"":""MultiPoint"",""coordinates"":[]}"
19,https://earthengine.googleapis.com/v1/projects/earthengine-legacy/thumbnails/fe5a70f68b56e145c8a77c669ddafdaf-04aa55eb4f86c61549a3014a11c4b65a:getPixels,"{""type"":""MultiPoint"",""coordinates"":[]}"
20,https://earthengine.googleapis.com/v1/projects/earthengine-legacy/thumbnails/65d56337948cf6cc1573e3506c12869b-87afd83b9b0281e8b673481d1480eaf7:getPixels,"{""type"":""MultiPoint"",""coordinates"":[]}"
21,https://earthengine.googleapis.com/v1/projects/earthengine-legacy/thumbnails/6a80fd3c1a80937ee3c17755dd54ccbb-485acf25862288161f80d4c8e15f0747:getPixels,"{""type"":""MultiPoint"",""coordinates"":[]}"
22,https://earthengine.googleapis.com/v1/projects/earthengine-legacy/thumbnails/3cafd1a42ca809604660c3f0c8dad516-e668f1a4159b4e1ef6dd0154182209af:getPixels,"{""type"":""MultiPoint"",""coordinates"":[]}"
23,https://earthengine.googleapis.com/v1/projects/earthengine-legacy/thumbnails/0a49722bbdaa84fb857cf492a72c8957-d1a820d1973a914f02e171823fafe44a:getPixels,"{""type"":""MultiPoint"",""coordinates"":[]}"
24,https://earthengine.googleapis.com/v1/projects/earthengine-legacy/thumbnails/f3b37675e1ceac4729ec9cbde71b206c-a72567fe369387d1c451525594763070:getPixels,"{""type"":""MultiPoint"",""coordinates"":[]}"
25,https://earthengine.googleapis.com/v1/projects/earthengine-legacy/thumbnails/63ffe1a06246345e34fbf48c1af541d9-f45407ea5bf961e8118350ee06954dfb:getPixels,"{""type"":""MultiPoint"",""coordinates"":[]}"
26,https://earthengine.googleapis.com/v1/projects/earthengine-legacy/thumbnails/239a20e04e453ebe40b6b0172d150215-7ed1d55cfa2ffa9f93c0dc8f59c4a4e4:getPixels,"{""type"":""MultiPoint"",""coordinates"":[]}"
27,https://earthengine.googleapis.com/v1/projects/earthengine-legacy/thumbnails/4a33eefe09aff3172f0b8ba25cef761d-4bb3d774a77b3b0fd0a5980e300e7a3f:getPixels,"{""type"":""MultiPoint"",""coordinates"":[]}"
28,https://earthengine.googleapis.com/v1/projects/earthengine-legacy/thumbnails/6d646d695677b003a84f5d4f470bd9b5-91086642459cd7df7bddf1f7d1be6f04:getPixels,"{""type"":""MultiPoint"",""coordinates"":[]}"
29,https://earthengine.googleapis.com/v1/projects/earthengine-legacy/thumbnails/b29d3863813dcbc7698b3bbbc2199742-3c0f90cde20100a37d09ec6837ac10e1:getPixels,"{""type"":""MultiPoint"",""coordinates"":[]}"
30,https://earthengine.googleapis.com/v1/projects/earthengine-legacy/thumbnails/1fad0414ecca287b557aaad3c3fce88a-40aebb8fe00f3fb606ac642d2883c6a2:getPixels,"{""type"":""MultiPoint"",""coordinates"":[]}"
31,https://earthengine.googleapis.com/v1/projects/earthengine-legacy/thumbnails/11424c43ed4d3e0225740cf69d9f0da2-5540eb6e4c3b0418ed7cbb9e0177a464:getPixels,"{""type"":""MultiPoint"",""coordinates"":[]}"
32,https://earthengine.googleapis.com/v1/projects/earthengine-legacy/thumbnails/4957f4edde276a081b30d4a8894e1461-5ca818db1a4cf387ff86e0419524a613:getPixels,"{""type"":""MultiPoint"",""coordinates"":[]}"
33,https://earthengine.googleapis.com/v1/projects/earthengine-legacy/thumbnails/b8d053aabcca12583558d575cdf763b3-839035c1293e0efa10e6fdaeac46a10e:getPixels,"{""type"":""MultiPoint"",""coordinates"":[]}"
34,https://earthengine.googleapis.com/v1/projects/earthengine-legacy/thumbnails/ecf3a1e526cca0182eff50940c9ffb77-6fac8808e489b42459744a081c7fa6fc:getPixels,"{""type"":""MultiPoint"",""coordinates"":[]}"
35,https://earthengine.googleapis.com/v1/projects/earthengine-legacy/thumbnails/4bab8cffadf1a4d00a3a664eccb89304-7f732b7ed2a0615646d7f2907aa43c90:getPixels,"{""type"":""MultiPoint"",""coordinates"":[]}"
36,https://earthengine.googleapis.com/v1/projects/earthengine-legacy/thumbnails/3521b0bf6e8ab866fad72433f8e44199-9105b5111d3ea273510c78994f7f5a99:getPixels,"{""type"":""MultiPoint"",""coordinates"":[]}"
37,https://earthengine.googleapis.com/v1/projects/earthengine-legacy/thumbnails/b422b384e412c1ef2cce0bfea059d18d-3e1829d519dc7ad36a7a3bb30a8cd62f:getPixels,"{""type"":""MultiPoint"",""coordinates"":[]}"
38,https://earthengine.googleapis.com/v1/projects/earthengine-legacy/thumbnails/ddc0e23ba568c27e72aa05f08a08a215-8136a05f2981d5117bd8d613ff719c57:getPixels,"{""type"":""MultiPoint"",""coordinates"":[]}"
39,https://earthengine.googleapis.com/v1/projects/earthengine-legacy/thumbnails/22cb99c25bc82bf27583be7549404d7a-6523de904dc75357ba3bee9f288da929:getPixels,"{""type"":""MultiPoint"",""coordinates"":[]}"
40,https://earthengine.googleapis.com/v1/projects/earthengine-legacy/thumbnails/1bc45ec05cc2862bb26a731515abd694-edda6e24eee985587c9f87ead9fabe6f:getPixels,"{""type"":""MultiPoint"",""coordinates"":[]}"
41,https://earthengine.googleapis.com/v1/projects/earthengine-legacy/thumbnails/89a3d9e16da1d61a71e5308d2c6f1479-c4da0419924e0fdcdcef842658c551c9:getPixels,"{""type"":""MultiPoint"",""coordinates"":[]}"
42,https://earthengine.googleapis.com/v1/projects/earthengine-legacy/thumbnails/1023a67cc11afe1bd141c443918726bd-0abd2b621cf9c9514258a036203cd269:getPixels,"{""type"":""MultiPoint"",""coordinates"":[]}"
43,https://earthengine.googleapis.com/v1/projects/earthengine-legacy/thumbnails/373adaba8f0c769c938eff7c846242e2-732f8af06221d0a66acda60c74b2f4f5:getPixels,"{""type"":""MultiPoint"",""coordinates"":[]}"
44,https://earthengine.googleapis.com/v1/projects/earthengine-legacy/thumbnails/81f3b534dd9bd3603e179403142de331-d554e1de20791e8a2ea3ef004b7319e9:getPixels,"{""type"":""MultiPoint"",""coordinates"":[]}"
45,https://earthengine.googleapis.com/v1/projects/earthengine-legacy/thumbnails/8d0632e130e66bb241fd40da906a2f3a-6aedc33938b905ac60b6646937e1a431:getPixels,"{""type"":""MultiPoint"",""coordinates"":[]}"
46,https://earthengine.googleapis.com/v1/projects/earthengine-legacy/thumbnails/a850b676c4ae56380b557e9a1306b0d4-e8a4d883e8a13821f10213723f0b6474:getPixels,"{""type"":""MultiPoint"",""coordinates"":[]}"
47,https://earthengine.googleapis.com/v1/projects/earthengine-legacy/thumbnails/afb99b9d78e9b06421e430af35c1be85-906d3b2227f3e25bdcaee9e401c2f637:getPixels,"{""type"":""MultiPoint"",""coordinates"":[]}"
48,https://earthengine.googleapis.com/v1/projects/earthengine-legacy/thumbnails/f7c707150af0e118946f630e02a1fc88-fabd9011ba16250c9a823a18f5fec7fc:getPixels,"{""type"":""MultiPoint"",""coordinates"":[]}"
49,https://earthengine.googleapis.com/v1/projects/earthengine-legacy/thumbnails/7ff20f21a175c6a2a595e5f8e04ae638-ffe70b0b07a2d804d9e67c12ff8510ee:getPixels,"{""type"":""MultiPoint"",""coordinates"":[]}"
50,https://earthengine.googleapis.com/v1/projects/earthengine-legacy/thumbnails/b742e68d59943014fdc506e44727df92-c778a9e24c38ba6e3aca7fa94743dfa4:getPixels,"{""type"":""MultiPoint"",""coordinates"":[]}"
51,https://earthengine.googleapis.com/v1/projects/earthengine-legacy/thumbnails/bc78fcc40048d8186a7d5a47f45882d1-1e0d6e0eb8fdfdf9fd173c2acd7c3900:getPixels,"{""type"":""MultiPoint"",""coordinates"":[]}"
52,https://earthengine.googleapis.com/v1/projects/earthengine-legacy/thumbnails/cf19f54c003a59158687b09288510dcf-091de7fee0512d3d2527432b7eeabdda:getPixels,"{""type"":""MultiPoint"",""coordinates"":[]}"
53,https://earthengine.googleapis.com/v1/projects/earthengine-legacy/thumbnails/6b74d61cdfc28d7a408f13abefbc2f6b-708d8c31f8cce2cedbbbbb3334a47248:getPixels,"{""type"":""MultiPoint"",""coordinates"":[]}"
54,https://earthengine.googleapis.com/v1/projects/earthengine-legacy/thumbnails/59184c1b8236b96b9a70026278bbb877-7caee5e8b409f2f4e0288ccfbfaca390:getPixels,"{""type"":""MultiPoint"",""coordinates"":[]}"
55,https://earthengine.googleapis.com/v1/projects/earthengine-legacy/thumbnails/cdc1dae7d4d564dcb093d5e1a03c2ac2-4b7532ef2f963e09d3c4d8146e414319:getPixels,"{""type"":""MultiPoint"",""coordinates"":[]}"
56,https://earthengine.googleapis.com/v1/projects/earthengine-legacy/thumbnails/34935df4d52827dab6c5ad353fdc4d73-8c010b364444a5852e5cfa857a406f86:getPixels,"{""type"":""MultiPoint"",""coordinates"":[]}"
57,https://earthengine.googleapis.com/v1/projects/earthengine-legacy/thumbnails/f9876544adc1c41c2f6820852f755fdc-6e4d10720364a8256b77a57076bef29a:getPixels,"{""type"":""MultiPoint"",""coordinates"":[]}"
58,https://earthengine.googleapis.com/v1/projects/earthengine-legacy/thumbnails/e11c487228839d03992bc7b7a4056b15-6703f9e7287f4de2678f2aa11cbe1e7e:getPixels,"{""type"":""MultiPoint"",""coordinates"":[]}"
59,https://earthengine.googleapis.com/v1/projects/earthengine-legacy/thumbnails/017a05a094fa639f42aa44d26340c43f-c7f7a5f644ef2ed87e36a6ccbdd09bef:getPixels,"{""type"":""MultiPoint"",""coordinates"":[]}"
60,https://earthengine.googleapis.com/v1/projects/earthengine-legacy/thumbnails/4474da289f93cb885e354161d6c66aec-f044b2524158635c0fe0744ee2748e57:getPixels,"{""type"":""MultiPoint"",""coordinates"":[]}"
61,https://earthengine.googleapis.com/v1/projects/earthengine-legacy/thumbnails/2b80d2284001af93d8b1c4cc82ede232-82505aa24c21218f12a21d5e1abbc272:getPixels,"{""type"":""MultiPoint"",""coordinates"":[]}"
62,https://earthengine.googleapis.com/v1/projects/earthengine-legacy/thumbnails/040a9010c99eb96d1805ea08c7fa4ef6-87979ee7bec3292818c1227a6899deca:getPixels,"{""type"":""MultiPoint"",""coordinates"":[]}"
63,https://earthengine.googleapis.com/v1/projects/earthengine-legacy/thumbnails/d7e2d12bb3abe11bedbe53156c8a695b-2c3b06683ab5bad4e65df3759118b9cd:getPixels,"{""type"":""MultiPoint"",""coordinates"":[]}"
64,https://earthengine.googleapis.com/v1/projects/earthengine-legacy/thumbnails/8f07047ddfac23a73611e389d73fe6b7-9ec1025567db8e38d44a066b441cf1c8:getPixels,"{""type"":""MultiPoint"",""coordinates"":[]}"
65,https://earthengine.googleapis.com/v1/projects/earthengine-legacy/thumbnails/c507f4e602bab4b0f3af1ccd0ad6ee32-c257265e1240f4b6b694fcd9c7753ad9:getPixels,"{""type"":""MultiPoint"",""coordinates"":[]}"
66,https://earthengine.googleapis.com/v1/projects/earthengine-legacy/thumbnails/cbb07d1fac6ad290fae0e1ba58918fe5-15ebbb04070b338959de5066524eb163:getPixels,"{""type"":""MultiPoint"",""coordinates"":[]}"
67,https://earthengine.googleapis.com/v1/projects/earthengine-legacy/thumbnails/b6418b0a5a5e4e6b42a279a2f5bf0670-2494b3a119303bbf91c5bfb5270eaf0c:getPixels,"{""type"":""MultiPoint"",""coordinates"":[]}"
68,https://earthengine.googleapis.com/v1/projects/earthengine-legacy/thumbnails/4a6fb393026099c08a6cd57b52999f7f-6d199e83070caef6a1b30f3b25bef170:getPixels,"{""type"":""MultiPoint"",""coordinates"":[]}"
69,https://earthengine.googleapis.com/v1/projects/earthengine-legacy/thumbnails/8721bbb763a4a7ae4b5922d71588d3e5-5414fbd2e78f1805e5c5f278a2a85021:getPixels,"{""type"":""MultiPoint"",""coordinates"":[]}"
70,https://earthengine.googleapis.com/v1/projects/earthengine-legacy/thumbnails/c2f1b0dd21863a3323c8b7d3be79ff54-27850f7c064d5c97057e96e893e198c5:getPixels,"{""type"":""MultiPoint"",""coordinates"":[]}"
71,https://earthengine.googleapis.com/v1/projects/earthengine-legacy/thumbnails/5193dd12c9bd125d575b785ca5c001af-597d0f3b28a375fcaa19c9bfe0ccad5e:getPixels,"{""type"":""MultiPoint"",""coordinates"":[]}"
72,https://earthengine.googleapis.com/v1/projects/earthengine-legacy/thumbnails/690e7bf2708c806e8ba5c0f9b3d45ec5-c5ac10f33be6d90556bf603a630771fb:getPixels,"{""type"":""MultiPoint"",""coordinates"":[]}"
73,https://earthengine.googleapis.com/v1/projects/earthengine-legacy/thumbnails/470b76c924c01afc7a15730d803e971e-1f989f3e4777e68cbabc5a257c0c15ad:getPixels,"{""type"":""MultiPoint"",""coordinates"":[]}"
74,https://earthengine.googleapis.com/v1/projects/earthengine-legacy/thumbnails/e6101da742051268eedea94cc3ce3793-c0279311cda65447f2d8fd0e3347925f:getPixels,"{""type"":""MultiPoint"",""coordinates"":[]}"
75,https://earthengine.googleapis.com/v1/projects/earthengine-legacy/thumbnails/a89cc70c3052f265115c9a9ee456d0da-86b4510474ae3e7c0f2835ea32e76a78:getPixels,"{""type"":""MultiPoint"",""coordinates"":[]}"
76,https://earthengine.googleapis.com/v1/projects/earthengine-legacy/thumbnails/b887d90ece5c0d7b870966294b161918-9096fed8e9bd8aee743c9deb7ed8e52c:getPixels,"{""type"":""MultiPoint"",""coordinates"":[]}"
77,https://earthengine.googleapis.com/v1/projects/earthengine-legacy/thumbnails/aba0731d45c3fb83a15720aac83d9795-caacd6d28a20c8e9b9ef3e929f7e0d0b:getPixels,"{""type"":""MultiPoint"",""coordinates"":[]}"
78,https://earthengine.googleapis.com/v1/projects/earthengine-legacy/thumbnails/f7f311ae9cf00665dad79ae339040729-b279ec1e0b16469d7a8c6690f0db354b:getPixels,"{""type"":""MultiPoint"",""coordinates"":[]}"
79,https://earthengine.googleapis.com/v1/projects/earthengine-legacy/thumbnails/b21c7cd8ea344e3b3c667224d5eb4b73-45c3575cd0952b219d465d76c560a63a:getPixels,"{""type"":""MultiPoint"",""coordinates"":[]}"
80,https://earthengine.googleapis.com/v1/projects/earthengine-legacy/thumbnails/e9cffd9f571b438651549b2b16003998-f970ccfe461ea4306a97ccc04d8819a2:getPixels,"{""type"":""MultiPoint"",""coordinates"":[]}"
81,https://earthengine.googleapis.com/v1/projects/earthengine-legacy/thumbnails/117103421e1930211637f5b0d9206f32-4ac880056bd1b4bc9d19c829285e5b85:getPixels,"{""type"":""MultiPoint"",""coordinates"":[]}"
82,https://earthengine.googleapis.com/v1/projects/earthengine-legacy/thumbnails/a0d9347a3782448d183c96085ec6d229-9247eb4c8746b0cd2bf4d30c91e330b7:getPixels,"{""type"":""MultiPoint"",""coordinates"":[]}"
83,https://earthengine.googleapis.com/v1/projects/earthengine-legacy/thumbnails/f0a6848885f5dd98b1ce86a98b549ba4-eb839b1f2d3d8851692f33cd502928cd:getPixels,"{""type"":""MultiPoint"",""coordinates"":[]}"
84,https://earthengine.googleapis.com/v1/projects/earthengine-legacy/thumbnails/42734286913703a39cabb4a33e023166-1ed8eb3374e1b6671b403794f1c316f1:getPixels,"{""type"":""MultiPoint"",""coordinates"":[]}"
85,https://earthengine.googleapis.com/v1/projects/earthengine-legacy/thumbnails/c9c79f0386966f1f6a396fac751c23a7-abf154d3f5ab3302bab22c1e42fec007:getPixels,"{""type"":""MultiPoint"",""coordinates"":[]}"
86,https://earthengine.googleapis.com/v1/projects/earthengine-legacy/thumbnails/57e036fba642a44c893d212b08f9fa0e-c95995a5982f526a21afadc89651feb1:getPixels,"{""type"":""MultiPoint"",""coordinates"":[]}"
87,https://earthengine.googleapis.com/v1/projects/earthengine-legacy/thumbnails/bbc50146d78e5fd64e379f77966d7591-04cb41b1d4b33155d15e55048a4a260e:getPixels,"{""type"":""MultiPoint"",""coordinates"":[]}"
88,https://earthengine.googleapis.com/v1/projects/earthengine-legacy/thumbnails/bed8cf0259670ca48d2fdd799d4d2a59-cd4beb406ae9f0874c0fd5b359a55b67:getPixels,"{""type"":""MultiPoint"",""coordinates"":[]}"
89,https://earthengine.googleapis.com/v1/projects/earthengine-legacy/thumbnails/d7fc58da72196f1eb8a8f636c24fd273-7082b1c6efc946b2a08d5dbab6863651:getPixels,"{""type"":""MultiPoint"",""coordinates"":[]}"
90,https://earthengine.googleapis.com/v1/projects/earthengine-legacy/thumbnails/f483adc11a8952148b94999e397979f4-e69b9f20c84727df0fc41b2b8e6445fd:getPixels,"{""type"":""MultiPoint"",""coordinates"":[]}"
91,https://earthengine.googleapis.com/v1/projects/earthengine-legacy/thumbnails/077d1a9aa2e3cb771665a93a90be3f2d-d846b70ed6df10dace334dff26570a1c:getPixels,"{""type"":""MultiPoint"",""coordinates"":[]}"
92,https://earthengine.googleapis.com/v1/projects/earthengine-legacy/thumbnails/c68749a2925500bf939ece7c5538c4fe-8c1b1e5e3a6e427a78bbec79c8300af8:getPixels,"{""type"":""MultiPoint"",""coordinates"":[]}"
93,https://earthengine.googleapis.com/v1/projects/earthengine-legacy/thumbnails/dfc055bdab9e5be0ec3ec915e8a59c6b-fdf200eb2c2c287b6c375622013072fa:getPixels,"{""type"":""MultiPoint"",""coordinates"":[]}"
94,https://earthengine.googleapis.com/v1/projects/earthengine-legacy/thumbnails/8f3be626474415a0c2e21edc7e4cbda7-28c9c0baeef4158a1b0ed13f83ec6b0a:getPixels,"{""type"":""MultiPoint"",""coordinates"":[]}"
95,https://earthengine.googleapis.com/v1/projects/earthengine-legacy/thumbnails/c1cf31ab24a54c6806c822e6efe8711c-ae3b9b9c6d4a083d6b3533868f5248ce:getPixels,"{""type"":""MultiPoint"",""coordinates"":[]}"
96,https://earthengine.googleapis.com/v1/projects/earthengine-legacy/thumbnails/8c77f0c7b6330888be587246977fee72-2218e6ad82e0af1e6220ccf6ca1a887e:getPixels,"{""type"":""MultiPoint"",""coordinates"":[]}"
97,https://earthengine.googleapis.com/v1/projects/earthengine-legacy/thumbnails/03cbc58e815c77776b69a2317b5dd0e4-1aeceafc4841a63e799aa26af047ece0:getPixels,"{""type"":""MultiPoint"",""coordinates"":[]}"
98,https://earthengine.googleapis.com/v1/projects/earthengine-legacy/thumbnails/c8738d1eef77805d4e2c49e842d29e64-b14ebd1c205cec00f28c662deaee59de:getPixels,"{""type"":""MultiPoint"",""coordinates"":[]}"
99,https://earthengine.googleapis.com/v1/projects/earthengine-legacy/thumbnails/82a85bd2246497020dc45fd6bc5760eb-359c3c137552b24011674d8f988a4f19:getPixels,"{""type"":""MultiPoint"",""coordinates"":[]}"
100,https://earthengine.googleapis.com/v1/projects/earthengine-legacy/thumbnails/39a273ca393eb7f7024a1a85beb3c62e-d614f019965e053c1ca9759cf11138e2:getPixels,"{""type"":""MultiPoint"",""coordinates"":[]}"
101,https://earthengine.googleapis.com/v1/projects/earthengine-legacy/thumbnails/6051f236d355cfc373a88f3f71fccc01-2f6a66ad6751d033e113aa190d71f1e4:getPixels,"{""type"":""MultiPoint"",""coordinates"":[]}"
102,https://earthengine.googleapis.com/v1/projects/earthengine-legacy/thumbnails/b2dce7a408ffc30eb864f326a9020d85-38d22f13156a79cb9af3d4e259b1977b:getPixels,"{""type"":""MultiPoint"",""coordinates"":[]}"
103,https://earthengine.googleapis.com/v1/projects/earthengine-legacy/thumbnails/720d169b309dff4ef81a54465fd65f82-0597b56bb664cc796591023489d2d879:getPixels,"{""type"":""MultiPoint"",""coordinates"":[]}"
104,https://earthengine.googleapis.com/v1/projects/earthengine-legacy/thumbnails/46f45f475da1a0919d5f47696feeec74-390f7300de7fdeb87454d47a3f505712:getPixels,"{""type"":""MultiPoint"",""coordinates"":[]}"
105,https://earthengine.googleapis.com/v1/projects/earthengine-legacy/thumbnails/c0490c2a07d52393af85af52f73669a4-248bbaa032a0b3e5f5f31b2c9dfb0aee:getPixels,"{""type"":""MultiPoint"",""coordinates"":[]}"
106,https://earthengine.googleapis.com/v1/projects/earthengine-legacy/thumbnails/587f7e169a6b1c59813dee3419011c72-fee0fd6d3826ab50666525832eab322f:getPixels,"{""type"":""MultiPoint"",""coordinates"":[]}"
107,https://earthengine.googleapis.com/v1/projects/earthengine-legacy/thumbnails/5c28d057b29e094035fe41c4e80a0d1b-ee4a0affa7b23db186753acc4d84054b:getPixels,"{""type"":""MultiPoint"",""coordinates"":[]}"
108,https://earthengine.googleapis.com/v1/projects/earthengine-legacy/thumbnails/4731fa74de9ce74fc4463a091efc46c6-ff905d2346bf27b07d50cf722502bf6f:getPixels,"{""type"":""MultiPoint"",""coordinates"":[]}"
109,https://earthengine.googleapis.com/v1/projects/earthengine-legacy/thumbnails/79025481c1d9b198cab95894398c7ddf-b164d90f47155171b51f2f3b8d8b8c31:getPixels,"{""type"":""MultiPoint"",""coordinates"":[]}"
110,https://earthengine.googleapis.com/v1/projects/earthengine-legacy/thumbnails/9823b56eb8b5d8a4d62e5487c9930506-bdb62254e49b35634be998ddd7cc7501:getPixels,"{""type"":""MultiPoint"",""coordinates"":[]}"
111,https://earthengine.googleapis.com/v1/projects/earthengine-legacy/thumbnails/363e4cb366a9957f9d0ef47dd8cdc63f-920de917ff534a723270bc8847a5a98e:getPixels,"{""type"":""MultiPoint"",""coordinates"":[]}"
112,https://earthengine.googleapis.com/v1/projects/earthengine-legacy/thumbnails/3c215e501c40460c04ec709987c2c7de-2e275fdcac9fc17c5c9713b6b2ee4ef5:getPixels,"{""type"":""MultiPoint"",""coordinates"":[]}"
113,https://earthengine.googleapis.com/v1/projects/earthengine-legacy/thumbnails/fddafd94970bb6d9555bff82c4ecf9ff-a338fbc11cb64203a84eea4e5bcdd467:getPixels,"{""type"":""MultiPoint"",""coordinates"":[]}"
114,https://earthengine.googleapis.com/v1/projects/earthengine-legacy/thumbnails/085b6e6ef06b76f32920461d184d493a-04f17ddfdf711bb8eb1a5e662efc5ae0:getPixels,"{""type"":""MultiPoint"",""coordinates"":[]}"
115,https://earthengine.googleapis.com/v1/projects/earthengine-legacy/thumbnails/25aa237f8b6b0bf960fc2c29365eee5e-3785f87dc9cc32bb83c651d491598862:getPixels,"{""type"":""MultiPoint"",""coordinates"":[]}"
116,https://earthengine.googleapis.com/v1/projects/earthengine-legacy/thumbnails/56ba72b7afd1e8c7f640829139b34e1d-c3b235e1b2095df4bc75364dfa00dee5:getPixels,"{""type"":""MultiPoint"",""coordinates"":[]}"
117,https://earthengine.googleapis.com/v1/projects/earthengine-legacy/thumbnails/79207bc92290950defe845824702cc3e-a21f36ea186e5732949b2ca058105d14:getPixels,"{""type"":""MultiPoint"",""coordinates"":[]}"
118,https://earthengine.googleapis.com/v1/projects/earthengine-legacy/thumbnails/5a71076b8aa81e38a98171111854cdc7-7462bae07c513b1823230170fbc3d866:getPixels,"{""type"":""MultiPoint"",""coordinates"":[]}"
119,https://earthengine.googleapis.com/v1/projects/earthengine-legacy/thumbnails/efb4d5c0b7cc8f3971cd0b87c8f5c8ac-22d238a903c7de85992d6335bafba3ba:getPixels,"{""type"":""MultiPoint"",""coordinates"":[]}"
120,https://earthengine.googleapis.com/v1/projects/earthengine-legacy/thumbnails/be753acbca3b5d73f210168867e471a9-ea6711b8b740711adfcf03f2994a068f:getPixels,"{""type"":""MultiPoint"",""coordinates"":[]}"
121,https://earthengine.googleapis.com/v1/projects/earthengine-legacy/thumbnails/bf07c0588d173a421538c5f072a7af1a-5e44c3ca7682e5888e22ab4d7adbb7c7:getPixels,"{""type"":""MultiPoint"",""coordinates"":[]}"
122,https://earthengine.googleapis.com/v1/projects/earthengine-legacy/thumbnails/503b6cd91859d3b9e00807a18e9dd0bc-82acbb6f4352741a9b1e42d338690b67:getPixels,"{""type"":""MultiPoint"",""coordinates"":[]}"
123,https://earthengine.googleapis.com/v1/projects/earthengine-legacy/thumbnails/afc1eba93cf3ff0ac5cd117c853c5f00-484865ac60c0f167a0f7a8338f08a213:getPixels,"{""type"":""MultiPoint"",""coordinates"":[]}"
124,https://earthengine.googleapis.com/v1/projects/earthengine-legacy/thumbnails/b2ca9f6c3006d148d491ae15a4d635aa-e86a8c67e93cdc6ee54457476e8d9ab5:getPixels,"{""type"":""MultiPoint"",""coordinates"":[]}"
125,https://earthengine.googleapis.com/v1/projects/earthengine-legacy/thumbnails/f3d35289e54b9f84784beb4082c3fc3d-23618a11b5b61fbfc67b4583781af1a8:getPixels,"{""type"":""MultiPoint"",""coordinates"":[]}"
126,https://earthengine.googleapis.com/v1/projects/earthengine-legacy/thumbnails/6186074f47a0c071429da63a46b3f66f-33335b23c135ebc5e46b7d74f776cf03:getPixels,"{""type"":""MultiPoint"",""coordinates"":[]}"
127,https://earthengine.googleapis.com/v1/projects/earthengine-legacy/thumbnails/06ee3429575131cfb62e8ab5ed15a3be-dc77ce0312e3f5d39a44edfab6bf9ead:getPixels,"{""type"":""MultiPoint"",""coordinates"":[]}"
128,https://earthengine.googleapis.com/v1/projects/earthengine-legacy/thumbnails/099615eb28697c48c040400eaa29ff01-5622a8d4e629016259530867d91c6eb7:getPixels,"{""type"":""MultiPoint"",""coordinates"":[]}"
129,https://earthengine.googleapis.com/v1/projects/earthengine-legacy/thumbnails/875cadf74c472574b133863515096cd3-3d5913b2087985cbe33f41094b1479a0:getPixels,"{""type"":""MultiPoint"",""coordinates"":[]}"
130,https://earthengine.googleapis.com/v1/projects/earthengine-legacy/thumbnails/5dbc1c5c5cca33f883c25110cc1bf2e1-d592678f0cbd7e35385b2ee46c492e8e:getPixels,"{""type"":""MultiPoint"",""coordinates"":[]}"
131,https://earthengine.googleapis.com/v1/projects/earthengine-legacy/thumbnails/e8f652d891a000a520c6c40d4163bf56-20327211805542a934c857a300a5b29a:getPixels,"{""type"":""MultiPoint"",""coordinates"":[]}"
132,https://earthengine.googleapis.com/v1/projects/earthengine-legacy/thumbnails/43417e1dbe9f7ba5a54c10593f0376f5-a71586d47701035e9c545a72185aefc5:getPixels,"{""type"":""MultiPoint"",""coordinates"":[]}"
133,https://earthengine.googleapis.com/v1/projects/earthengine-legacy/thumbnails/8a8f6555094fc64db4ea5609b520b333-d5e6eecca1a94340c2b7830d27073385:getPixels,"{""type"":""MultiPoint"",""coordinates"":[]}"
134,https://earthengine.googleapis.com/v1/projects/earthengine-legacy/thumbnails/b87b6a0dc410b06704aa716df9039b61-f48c02b0efdc7f48fc9bbab109a44f1e:getPixels,"{""type"":""MultiPoint"",""coordinates"":[]}"
135,https://earthengine.googleapis.com/v1/projects/earthengine-legacy/thumbnails/b119621402face2fd2a56458c827ef9d-acdb381bae887369e68da834d745e023:getPixels,"{""type"":""MultiPoint"",""coordinates"":[]}"
136,https://earthengine.googleapis.com/v1/projects/earthengine-legacy/thumbnails/2ce70bbeee0ab7e4c69145592033112e-0cf866861f39357f0828fbd661c9966a:getPixels,"{""type"":""MultiPoint"",""coordinates"":[]}"
137,https://earthengine.googleapis.com/v1/projects/earthengine-legacy/thumbnails/9dc44640130d7e3e81dddaf2ba502943-20f328a44eb4c542464929a9b8ee59cf:getPixels,"{""type"":""MultiPoint"",""coordinates"":[]}"
138,https://earthengine.googleapis.com/v1/projects/earthengine-legacy/thumbnails/309b78bfbe82ca8e46d326ab97d8422c-b5b44e337ad41013ccd281dff017ae98:getPixels,"{""type"":""MultiPoint"",""coordinates"":[]}"
139,https://earthengine.googleapis.com/v1/projects/earthengine-legacy/thumbnails/c6b906791a26680570fbcab9800e6c11-7d3037e0b0a1d34f525a847cd64fddb0:getPixels,"{""type"":""MultiPoint"",""coordinates"":[]}"
140,https://earthengine.googleapis.com/v1/projects/earthengine-legacy/thumbnails/c2dcb2fe20d24bc13364e8294ac66c0a-b39019555408509033cf0d05cb6dda02:getPixels,"{""type"":""MultiPoint"",""coordinates"":[]}"
141,https://earthengine.googleapis.com/v1/projects/earthengine-legacy/thumbnails/b2ffab580e4c9fbc29fee4bc4dd4d990-99af5901631acbcfec49f4685f85e00a:getPixels,"{""type"":""MultiPoint"",""coordinates"":[]}"
142,https://earthengine.googleapis.com/v1/projects/earthengine-legacy/thumbnails/9ebcb2b5002bf70f516dc06ade8a64ca-799d8490b62601411bf561199f9c7250:getPixels,"{""type"":""MultiPoint"",""coordinates"":[]}"
143,https://earthengine.googleapis.com/v1/projects/earthengine-legacy/thumbnails/9589df138ea14be3bff160c331551663-c5a434c13c2922889f2026eb82e8c733:getPixels,"{""type"":""MultiPoint"",""coordinates"":[]}"
144,https://earthengine.googleapis.com/v1/projects/earthengine-legacy/thumbnails/92a06c2a950069747870e76e71191c27-d84adc45e6bf5f99f392cfc8180528c9:getPixels,"{""type"":""MultiPoint"",""coordinates"":[]}"
145,https://earthengine.googleapis.com/v1/projects/earthengine-legacy/thumbnails/521b0e1171d2209566ba5cc380ba48b8-4c97e55827d82f6fefe2270677b35fe5:getPixels,"{""type"":""MultiPoint"",""coordinates"":[]}"
146,https://earthengine.googleapis.com/v1/projects/earthengine-legacy/thumbnails/35c348a416506e1a9d00985b269db038-1dc42796b4dd8710a607b00f80ba202b:getPixels,"{""type"":""MultiPoint"",""coordinates"":[]}"
147,https://earthengine.googleapis.com/v1/projects/earthengine-legacy/thumbnails/d55f5b1c9430b1d66427de135d39b51c-eb0a4b60a2a153e32f59a0e49b725b33:getPixels,"{""type"":""MultiPoint"",""coordinates"":[]}"
148,https://earthengine.googleapis.com/v1/projects/earthengine-legacy/thumbnails/bebafb7a13f8d5753d94e77a720fed6a-ee9355ac403c4b8363b957e83797f26a:getPixels,"{""type"":""MultiPoint"",""coordinates"":[]}"
149,https://earthengine.googleapis.com/v1/projects/earthengine-legacy/thumbnails/e64cfff2e5ccb987bff56902135183b0-3f1b593c68011af7b581dd3e4807a3ce:getPixels,"{""type"":""MultiPoint"",""coordinates"":[]}"
150,https://earthengine.googleapis.com/v1/projects/earthengine-legacy/thumbnails/0c63435d2e5cf6d02354a2013e3faeda-8ea213c4369eb2635928b5ec3fc36c68:getPixels,"{""type"":""MultiPoint"",""coordinates"":[]}"
151,https://earthengine.googleapis.com/v1/projects/earthengine-legacy/thumbnails/d0d3518aa4a8073480c07401be81d6ff-7cbe212dd1178a877e0887368c5f978e:getPixels,"{""type"":""MultiPoint"",""coordinates"":[]}"
152,https://earthengine.googleapis.com/v1/projects/earthengine-legacy/thumbnails/cfcd8b58c08feea7517e6a3900e87715-dc9396df2b7cd7f92f17136bd1cf1720:getPixels,"{""type"":""MultiPoint"",""coordinates"":[]}"
153,https://earthengine.googleapis.com/v1/projects/earthengine-legacy/thumbnails/bddf6cae58c13ddb4b1d7eb587f4d689-7e382060622a02265ea4737c40c9d215:getPixels,"{""type"":""MultiPoint"",""coordinates"":[]}"
154,https://earthengine.googleapis.com/v1/projects/earthengine-legacy/thumbnails/d7b8e7ff46bf7401060663600aac150d-60656e6d0fd73c28c7c9f85d535a52d4:getPixels,"{""type"":""MultiPoint"",""coordinates"":[]}"
155,https://earthengine.googleapis.com/v1/projects/earthengine-legacy/thumbnails/fa025caf40a208b32314dacefbb2e9f2-88df3a8bc88813bf91deac6f43c136df:getPixels,"{""type"":""MultiPoint"",""coordinates"":[]}"
156,https://earthengine.googleapis.com/v1/projects/earthengine-legacy/thumbnails/70ba76cdfa0ed1bcc90d38d642a0df23-7c206dddc5b50ec3c3bb479303dec723:getPixels,"{""type"":""MultiPoint"",""coordinates"":[]}"
157,https://earthengine.googleapis.com/v1/projects/earthengine-legacy/thumbnails/fca497272625225a7bb04b430fd67fde-bcfb6d655c2d9e21b498ba91e3990629:getPixels,"{""type"":""MultiPoint"",""coordinates"":[]}"
158,https://earthengine.googleapis.com/v1/projects/earthengine-legacy/thumbnails/5cccd3a20e5615e0ed5c7b4bb5ba74be-22c89ea92fa78814714d1216dcbf754d:getPixels,"{""type"":""MultiPoint"",""coordinates"":[]}"
159,https://earthengine.googleapis.com/v1/projects/earthengine-legacy/thumbnails/da71e5e537a4038541b23499cf282fa7-3ce0e0dfbaf5fb74853bb70979ed6ae3:getPixels,"{""type"":""MultiPoint"",""coordinates"":[]}"
160,https://earthengine.googleapis.com/v1/projects/earthengine-legacy/thumbnails/c076a4ba43a3df98d8f686fb0cbbc8cf-bd2a95c5ab4a56b2ff24054cabaefb1f:getPixels,"{""type"":""MultiPoint"",""coordinates"":[]}"
161,https://earthengine.googleapis.com/v1/projects/earthengine-legacy/thumbnails/92897ba77e9c33e38948ec6eb3a8af2e-c85f35ae2eef4abe90e03001b985b0f6:getPixels,"{""type"":""MultiPoint"",""coordinates"":[]}"
162,https://earthengine.googleapis.com/v1/projects/earthengine-legacy/thumbnails/fcd3f56a5f9ad9e79ccc0b957eba2a87-f97b1b8f4f3fa0cb3de329262cd4279d:getPixels,"{""type"":""MultiPoint"",""coordinates"":[]}"
163,https://earthengine.googleapis.com/v1/projects/earthengine-legacy/thumbnails/da2494dbee632d9861b407f060419b34-2c61c904d5832f37755ee6a873afa779:getPixels,"{""type"":""MultiPoint"",""coordinates"":[]}"
164,https://earthengine.googleapis.com/v1/projects/earthengine-legacy/thumbnails/8843930d0cef7bd48144a6118422fc7e-c2040580f1e7627b75c1b70bbd137e39:getPixels,"{""type"":""MultiPoint"",""coordinates"":[]}"
165,https://earthengine.googleapis.com/v1/projects/earthengine-legacy/thumbnails/79ba62b9f3b14cf70c0dd21ae1af0319-7e576efff8307c9427989bdf8bf38f99:getPixels,"{""type"":""MultiPoint"",""coordinates"":[]}"
166,https://earthengine.googleapis.com/v1/projects/earthengine-legacy/thumbnails/ebe953f6814fc78b51c31c19d34a814f-b2f21996923aece4ba5d6642d8645225:getPixels,"{""type"":""MultiPoint"",""coordinates"":[]}"
167,https://earthengine.googleapis.com/v1/projects/earthengine-legacy/thumbnails/c6625853eede31b170d44131a5fc3013-74823afb43e8b0f71472687d681aeab3:getPixels,"{""type"":""MultiPoint"",""coordinates"":[]}"
168,https://earthengine.googleapis.com/v1/projects/earthengine-legacy/thumbnails/eebdfc7c69dfd84e47c5ee14f824f9dd-791bb0911a9550dcfc715b1db27886da:getPixels,"{""type"":""MultiPoint"",""coordinates"":[]}"
169,https://earthengine.googleapis.com/v1/projects/earthengine-legacy/thumbnails/99815f83324fb74004991e626d6ebd8e-0b4ff6a92fa4a2c23a4f3d45d54297d7:getPixels,"{""type"":""MultiPoint"",""coordinates"":[]}"
170,https://earthengine.googleapis.com/v1/projects/earthengine-legacy/thumbnails/40a8129acd614536efa6b9e4f679fdb9-deceab23320c3e9f5fa7d65f689d48c0:getPixels,"{""type"":""MultiPoint"",""coordinates"":[]}"
171,https://earthengine.googleapis.com/v1/projects/earthengine-legacy/thumbnails/646b1bbc756e696b164f55209feeb100-d29a9ae243bd54a1375eac3f3672bf35:getPixels,"{""type"":""MultiPoint"",""coordinates"":[]}"
172,https://earthengine.googleapis.com/v1/projects/earthengine-legacy/thumbnails/fa71902bc819b640e88881cb3cf3d245-7009ad08aa9db8fa5e1b96bcd5bb7ef6:getPixels,"{""type"":""MultiPoint"",""coordinates"":[]}"
173,https://earthengine.googleapis.com/v1/projects/earthengine-legacy/thumbnails/230a6d01ebe5941c547b99174b22a651-21b1f76eef8ce607ae3279dc289ad680:getPixels,"{""type"":""MultiPoint"",""coordinates"":[]}"
174,https://earthengine.googleapis.com/v1/projects/earthengine-legacy/thumbnails/3a1ad73dca57d58ccaa28cacef9e940d-fbaa327796156bbef024375833e3069e:getPixels,"{""type"":""MultiPoint"",""coordinates"":[]}"
175,https://earthengine.googleapis.com/v1/projects/earthengine-legacy/thumbnails/d73f8b91d759addfee433b39180ad4c8-3f1126ec7f19fd16567c0b6a585f52a2:getPixels,"{""type"":""MultiPoint"",""coordinates"":[]}"
176,https://earthengine.googleapis.com/v1/projects/earthengine-legacy/thumbnails/b112c9d06b3d314c0b807a1660e8d819-cf2f87257db1d0bf9a22e99967dcbfc0:getPixels,"{""type"":""MultiPoint"",""coordinates"":[]}"
177,https://earthengine.googleapis.com/v1/projects/earthengine-legacy/thumbnails/d4a889fae0056a43d6a8d26c3b9da530-350d07958099a8e89e44e7412f6679a2:getPixels,"{""type"":""MultiPoint"",""coordinates"":[]}"
178,https://earthengine.googleapis.com/v1/projects/earthengine-legacy/thumbnails/46e7330cdf62cb6d8e8da4eaccc9a108-636a2628c5e206a6b8655f1a10246d22:getPixels,"{""type"":""MultiPoint"",""coordinates"":[]}"
179,https://earthengine.googleapis.com/v1/projects/earthengine-legacy/thumbnails/03fe15e3809505413c0c82cc2ba2652b-c06f5fdc8ccb9d60379b3232408259bb:getPixels,"{""type"":""MultiPoint"",""coordinates"":[]}"
180,https://earthengine.googleapis.com/v1/projects/earthengine-legacy/thumbnails/0302284305cc1e95ea1b62e264255141-99109997b0bc123d8f5af06491ed2a61:getPixels,"{""type"":""MultiPoint"",""coordinates"":[]}"
181,https://earthengine.googleapis.com/v1/projects/earthengine-legacy/thumbnails/fceb5df59d27304aadfcec559e174c02-3049060b46698ad7f932583bc65a1f71:getPixels,"{""type"":""MultiPoint"",""coordinates"":[]}"
182,https://earthengine.googleapis.com/v1/projects/earthengine-legacy/thumbnails/d99f994cff8b0a703c8031fe3c14e500-b83bbe466c15adb9568b6893376ffa66:getPixels,"{""type"":""MultiPoint"",""coordinates"":[]}"
183,https://earthengine.googleapis.com/v1/projects/earthengine-legacy/thumbnails/db16e2057a1b47f4123ee6aeca1c628b-0e381d1f79a74d7f8a478375529dc0ac:getPixels,"{""type"":""MultiPoint"",""coordinates"":[]}"
184,https://earthengine.googleapis.com/v1/projects/earthengine-legacy/thumbnails/3b417d1066e152f9c27f4f23a7a72daa-725a0f32209a17747a8d12caad19d903:getPixels,"{""type"":""MultiPoint"",""coordinates"":[]}"
185,https://earthengine.googleapis.com/v1/projects/earthengine-legacy/thumbnails/6962b24d55402170b0db06fad712c3eb-257f09556d03c7508a2f7700345fb26d:getPixels,"{""type"":""MultiPoint"",""coordinates"":[]}"
186,https://earthengine.googleapis.com/v1/projects/earthengine-legacy/thumbnails/b887feb3047c03e98ee0bd2075e1b501-9d5af1475b9182e673a9f30012b566d3:getPixels,"{""type"":""MultiPoint"",""coordinates"":[]}"
187,https://earthengine.googleapis.com/v1/projects/earthengine-legacy/thumbnails/c87f623479392ffa34de145e0651fc5a-d4b611dfa654a2cb9a23b3ea0c0e3e70:getPixels,"{""type"":""MultiPoint"",""coordinates"":[]}"
188,https://earthengine.googleapis.com/v1/projects/earthengine-legacy/thumbnails/4c12aee915148a759ad207442a9bac24-33efff8c026ffca1cd669214b1ceb7a5:getPixels,"{""type"":""MultiPoint"",""coordinates"":[]}"
189,https://earthengine.googleapis.com/v1/projects/earthengine-legacy/thumbnails/df67cc8636c641b6941455e338b6ea34-89e8417696b791b48d2d6578e889234a:getPixels,"{""type"":""MultiPoint"",""coordinates"":[]}"
190,https://earthengine.googleapis.com/v1/projects/earthengine-legacy/thumbnails/e5ca52a467fedb53d8240b76b79e499b-f7a08972d1409cc1662039e35566e21d:getPixels,"{""type"":""MultiPoint"",""coordinates"":[]}"
191,https://earthengine.googleapis.com/v1/projects/earthengine-legacy/thumbnails/3fbcdaea58c869fed8544b8762c0ae43-74f54a5bb0ffc366e8103a1a71e77ae4:getPixels,"{""type"":""MultiPoint"",""coordinates"":[]}"
192,https://earthengine.googleapis.com/v1/projects/earthengine-legacy/thumbnails/0ce718cc9aa4ffabedfdff72419d3ba7-1ad7227cb45c2e036ff505b21d42a768:getPixels,"{""type"":""MultiPoint"",""coordinates"":[]}"
193,https://earthengine.googleapis.com/v1/projects/earthengine-legacy/thumbnails/e030ed5cc0f456b9c2453293f547f9e4-62168ad5693a1e2a0a1e2bdf4229adef:getPixels,"{""type"":""MultiPoint"",""coordinates"":[]}"
194,https://earthengine.googleapis.com/v1/projects/earthengine-legacy/thumbnails/e58aa7aedf85b131030ee1485dddb47a-701805327cd90db3b37dc54fc82e9df6:getPixels,"{""type"":""MultiPoint"",""coordinates"":[]}"
195,https://earthengine.googleapis.com/v1/projects/earthengine-legacy/thumbnails/69c297e11030fa4838b1ff83522a97bd-05f53336deb4e0b9d9cedcdb3ac62fd3:getPixels,"{""type"":""MultiPoint"",""coordinates"":[]}"
196,https://earthengine.googleapis.com/v1/projects/earthengine-legacy/thumbnails/6d7c8ed016c4614327934689e4297187-77bfaf71a699c24902af9b048951d01b:getPixels,"{""type"":""MultiPoint"",""coordinates"":[]}"
197,https://earthengine.googleapis.com/v1/projects/earthengine-legacy/thumbnails/dfaef7f4caf7d37e6eb5052d3b6b4e3c-aaeb9ddb0c90f7cb0af517b330435182:getPixels,"{""type"":""MultiPoint"",""coordinates"":[]}"
198,https://earthengine.googleapis.com/v1/projects/earthengine-legacy/thumbnails/19b924fa817da6299bb85021ab4dc488-799564e1c8055f1699867b3ac4ab55e8:getPixels,"{""type"":""MultiPoint"",""coordinates"":[]}"
199,https://earthengine.googleapis.com/v1/projects/earthengine-legacy/thumbnails/72e76ecde7e0727fd6a1e50003c39c94-73305d2b0b57067689f24a8f260b4efa:getPixels,"{""type"":""MultiPoint"",""coordinates"":[]}"
200,https://earthengine.googleapis.com/v1/projects/earthengine-legacy/thumbnails/07106a759c843e0c52dc4c938e2d1eca-432ccd3b516ac1f7385450330cbbe5c5:getPixels,"{""type"":""MultiPoint"",""coordinates"":[]}"
201,https://earthengine.googleapis.com/v1/projects/earthengine-legacy/thumbnails/96eb2faf23f6ac5cbfdb83f3f99a3f43-a1458976ef195f2494eb387da98bae04:getPixels,"{""type"":""MultiPoint"",""coordinates"":[]}"
202,https://earthengine.googleapis.com/v1/projects/earthengine-legacy/thumbnails/485810ad73bc54f4d9937b863e9240c2-688ab897607642ba7980bfb6e6352080:getPixels,"{""type"":""MultiPoint"",""coordinates"":[]}"
203,https://earthengine.googleapis.com/v1/projects/earthengine-legacy/thumbnails/3b845987024d6b3113ea59c37a71d225-29906dfafc89b89e1cecc587a4aa904a:getPixels,"{""type"":""MultiPoint"",""coordinates"":[]}"
204,https://earthengine.googleapis.com/v1/projects/earthengine-legacy/thumbnails/4c222572fc2ff2017a2afe063f0cb321-dab78546bcf83c8a7ad16a58f6533d02:getPixels,"{""type"":""MultiPoint"",""coordinates"":[]}"
205,https://earthengine.googleapis.com/v1/projects/earthengine-legacy/thumbnails/3fb5dc3178f48ea3d5aa6b8ac4a78290-2990763d44dcee08677ea5abc9881c4f:getPixels,"{""type"":""MultiPoint"",""coordinates"":[]}"
206,https://earthengine.googleapis.com/v1/projects/earthengine-legacy/thumbnails/42fbd80758d982fd68d8c86c96b7cc4f-abebe6826cf074f2b35ff76d4b4086eb:getPixels,"{""type"":""MultiPoint"",""coordinates"":[]}"
207,https://earthengine.googleapis.com/v1/projects/earthengine-legacy/thumbnails/aab50e3c16271f9ccd88849db6abea98-f1e386827b46fdbd38a3c28e41e36df1:getPixels,"{""type"":""MultiPoint"",""coordinates"":[]}"
208,https://earthengine.googleapis.com/v1/projects/earthengine-legacy/thumbnails/3acf2ab4a1a75e2b79eba2c34ebfb7b9-1a9a917ae8cd91b300122dd706f2a52b:getPixels,"{""type"":""MultiPoint"",""coordinates"":[]}"
209,https://earthengine.googleapis.com/v1/projects/earthengine-legacy/thumbnails/62bb9c571274d25435ed8bb07f495811-b751299bb9b8494aeca2c6235e10ead2:getPixels,"{""type"":""MultiPoint"",""coordinates"":[]}"
210,https://earthengine.googleapis.com/v1/projects/earthengine-legacy/thumbnails/4a9e2eefdc864ab084cda1e7e14a760e-53c13ef56178ca54982c991c3215d9f5:getPixels,"{""type"":""MultiPoint"",""coordinates"":[]}"
211,https://earthengine.googleapis.com/v1/projects/earthengine-legacy/thumbnails/31ad4f112607b8d7a8813ab8e460cb62-385a4c3d7754296ee249814a92d25f9b:getPixels,"{""type"":""MultiPoint"",""coordinates"":[]}"
212,https://earthengine.googleapis.com/v1/projects/earthengine-legacy/thumbnails/3526db631f89e6896df91fc7430e9485-b250a5f82f397b391ace42f55835eb8f:getPixels,"{""type"":""MultiPoint"",""coordinates"":[]}"
213,https://earthengine.googleapis.com/v1/projects/earthengine-legacy/thumbnails/16d5105a0e8b3879aa8feb5b00da35a4-77e178c3ad76e5b816ae1a2588dfea9a:getPixels,"{""type"":""MultiPoint"",""coordinates"":[]}"
214,https://earthengine.googleapis.com/v1/projects/earthengine-legacy/thumbnails/87e943ed52c3c237f63c90ed3ea2aa9b-22ed1d2df868b8d088f83af34934e42d:getPixels,"{""type"":""MultiPoint"",""coordinates"":[]}"
215,https://earthengine.googleapis.com/v1/projects/earthengine-legacy/thumbnails/74010da61032d8c43c333500b4de214e-0de9b98426d070a0fce17a1f51f64e50:getPixels,"{""type"":""MultiPoint"",""coordinates"":[]}"
216,https://earthengine.googleapis.com/v1/projects/earthengine-legacy/thumbnails/636dbac4b41451f792e44ed3eb21d904-1bd4af3a99863822cc485b26d7584bd9:getPixels,"{""type"":""MultiPoint"",""coordinates"":[]}"
217,https://earthengine.googleapis.com/v1/projects/earthengine-legacy/thumbnails/93ce90a62b654cd2d77dc999480136f9-474056fdf5dd9645785007ce66bdcb3e:getPixels,"{""type"":""MultiPoint"",""coordinates"":[]}"
218,https://earthengine.googleapis.com/v1/projects/earthengine-legacy/thumbnails/f292938db5c6970b401a52a9bc4a3b56-5af38d7b400fe302300ce8c6b7984175:getPixels,"{""type"":""MultiPoint"",""coordinates"":[]}"
219,https://earthengine.googleapis.com/v1/projects/earthengine-legacy/thumbnails/03510ca9740a8927c72431c06fdd0d87-811a3e204898eaeb4844258e96cafa22:getPixels,"{""type"":""MultiPoint"",""coordinates"":[]}"
220,https://earthengine.googleapis.com/v1/projects/earthengine-legacy/thumbnails/55cfa84955cb49566c306b4d6c3af773-8678152709637f6f27c383c68ed925d8:getPixels,"{""type"":""MultiPoint"",""coordinates"":[]}"
221,https://earthengine.googleapis.com/v1/projects/earthengine-legacy/thumbnails/f91c0d6e5806c2ca7c225312b09d3f7c-aea30cf57b105ad35e7032acb6229e3e:getPixels,"{""type"":""MultiPoint"",""coordinates"":[]}"
222,https://earthengine.googleapis.com/v1/projects/earthengine-legacy/thumbnails/5b81662de819118468108ee8fc7e90c2-b77599072f7e3af703c99a6650e1b2a0:getPixels,"{""type"":""MultiPoint"",""coordinates"":[]}"
223,https://earthengine.googleapis.com/v1/projects/earthengine-legacy/thumbnails/4ef1f87908d02bc43c0cab9c6ed1a792-a1dd32d613bb6f9340f90eb087f39e8f:getPixels,"{""type"":""MultiPoint"",""coordinates"":[]}"
224,https://earthengine.googleapis.com/v1/projects/earthengine-legacy/thumbnails/efff2b6659a2e4ea0f82cbdfdffc07b2-7161dea3fcbe0405e9664b7f3316de62:getPixels,"{""type"":""MultiPoint"",""coordinates"":[]}"
225,https://earthengine.googleapis.com/v1/projects/earthengine-legacy/thumbnails/7c095c9191d5477fcd9de1ef94f57789-ced95e3c7d4cf9f5131aee46cd4f93a1:getPixels,"{""type"":""MultiPoint"",""coordinates"":[]}"
226,https://earthengine.googleapis.com/v1/projects/earthengine-legacy/thumbnails/b7cf485891b6a93be42ae114121b2bf1-733445703731699724fc73907cb1470f:getPixels,"{""type"":""MultiPoint"",""coordinates"":[]}"
227,https://earthengine.googleapis.com/v1/projects/earthengine-legacy/thumbnails/fd9c08dffea71851fb267ffaa5cb8d57-dd7cb2ed228af289d5a3fa94ec2bac36:getPixels,"{""type"":""MultiPoint"",""coordinates"":[]}"
